,MinTemp,MaxTemp,Rainfall,Evaporation,Sunshine,WindGustSpeed,WindSpeed9am,WindSpeed3pm,Humidity9am,Humidity3pm,Pressure9am,Pressure3pm,Cloud9am,Cloud3pm,Temp9am,Temp3pm,TempDiff,TempChange,PressureDiff,HumidityDiff,WindSpeedDiff,AvgHumidity,AvgTemp,RainfallPerSunshine
MinTemp,1.0,0.6726408581721482,0.043290631197373204,0.652101989466776,0.06190652064505559,0.19718082395968956,0.14049335947577077,0.11842583736321585,-0.3591488293600209,-0.16626056059654912,-0.4242777612073881,-0.3956866010605606,0.15790244470491557,-0.025474551724373774,0.8644163621844104,0.6274909589651868,-0.01880328695041167,-0.09160354422198788,0.1291660261443792,0.1794245081450683,-0.045650678069643846,-0.2986181391431215,0.768553388421398,0.058628002156177354
MaxTemp,0.6726408581721482,1.0,-0.1453869783371497,0.6437759480734433,0.5105520533081254,0.10352496161657539,0.021740560391261512,0.047851431841799276,-0.4501481250990279,-0.6389993295586924,-0.21643670410259347,-0.30426932578865357,-0.22403992691079153,-0.3154426832300264,0.8544121103668556,0.9786681484547582,0.7271904209988419,0.5218504870783928,-0.27272047277882666,-0.22415654033425775,0.024974674371003307,-0.6291227979542438,0.9701737944442408,-0.07910468389596997
Rainfall,0.043290631197373204,-0.1453869783371497,1.0,-0.04198168024000577,-0.1594152074016864,0.05312701768951587,0.009867624816362544,0.02251621708059582,0.21353305829872318,0.2111968161923124,-0.19184446512471434,-0.11443829083542907,0.13559526725562343,0.1329368086243973,-0.06504196792974563,-0.15095518174429529,-0.2366011117717393,-0.17034788277675775,0.27158123142207075,0.01047708601620826,0.012200764283649955,0.2440322794926253,-0.118756679833096,0.5055028647882522
Evaporation,0.652101989466776,0.6437759480734433,-0.04198168024000577,1.0,0.2831384128972105,0.2855530055377136,0.21129146135730878,0.18383639561936535,-0.544710577059722,-0.3835816830736301,-0.35847078625995726,-0.34414891333392483,-0.06711747868462672,-0.12513986789842796,0.7198227505932391,0.596741823530339,0.26492455648837265,0.050512594133089624,0.07661662602120876,0.13508406726567965,-0.06243439490923448,-0.530681061700474,0.6835812759109111,-0.01406800930298409
Sunshine,0.06190652064505559,0.5105520533081254,-0.1594152074016864,0.2831384128972105,1.0,-0.03096451754129215,-0.060128337179740504,0.03442074031257251,-0.3105431444213345,-0.6652323574317834,0.10982688496329338,0.050555836053146216,-0.5889466091905032,-0.6734797170159766,0.25401091622870314,0.5341857210615849,0.6324141572073309,0.5707085522010147,-0.2049272188354284,-0.38864985747052916,0.11188611818157583,-0.5668190871937862,0.4312801331835517,-0.19082414052651192
WindGustSpeed,0.19718082395968956,0.10352496161657539,0.05312701768951587,0.2855530055377136,-0.03096451754129215,1.0,0.7108307647702627,0.7508052332173994,-0.43916036584247026,-0.12847151846049046,-0.4997472314121085,-0.4944941454554854,-0.008409551945086883,0.14078328894856576,0.25605645046394265,0.05910795437784717,-0.04303600715451074,-0.24371568683050132,0.05816752204507219,0.29742828322639286,-0.06643921761299931,-0.3208599279118589,0.15320861384151968,-0.006216070755248688
WindSpeed9am,0.14049335947577077,0.021740560391261512,0.009867624816362544,0.21129146135730878,-0.060128337179740504,0.7108307647702627,1.0,0.637157871759959,-0.4818390937026859,-0.11884577431450137,-0.29047365246371054,-0.27440810779043606,-0.01216420399049009,0.12141593739867756,0.18643545860247857,0.0009542813891878574,-0.10095415171636164,-0.2493479006001505,0.07683016676014506,0.3493904067054529,-0.5482164499415975,-0.33895636576733584,0.08683621584075875,-0.011050735810967598
WindSpeed3pm,0.11842583736321585,0.047851431841799276,0.02251621708059582,0.18383639561936535,0.03442074031257251,0.7508052332173994,0.637157871759959,1.0,-0.3632901085119254,-0.1679095708111374,-0.3110176359937205,-0.30617981584534415,-0.015403329819488523,0.06523468760196476,0.15676384701952925,0.028431868446526773,-0.045202915897381866,-0.16245868750970724,0.04138650388188047,0.18177300401839513,0.29529197061289997,-0.3019027790443467,0.08924311330135282,-0.023386938705545025
Humidity9am,-0.3591488293600209,-0.4501481250990279,0.21353305829872318,-0.544710577059722,-0.3105431444213345,-0.43916036584247026,-0.4818390937026859,-0.3632901085119254,1.0,0.5136796639952907,0.22542257866966062,0.251630849001608,0.20809137429845279,0.09733825769509863,-0.5906947231192117,-0.4178086490061243,-0.27506003823170105,0.08136343331165873,0.06824557064473798,-0.4466602577870313,0.20307893111824293,0.8614953853741206,-0.5187360608651178,0.15165721051510075
Humidity3pm,-0.16626056059654912,-0.6389993295586924,0.2111968161923124,-0.3835816830736301,-0.6652323574317834,-0.12847151846049046,-0.11884577431450137,-0.1679095708111374,0.5136796639952907,1.0,-0.02985026661285425,0.06757054642380139,0.3989041525435946,0.4241354879246579,-0.3951071073651457,-0.7011291970034476,-0.7091636039796871,-0.6659887050623886,0.32452788909018887,0.5381993796102952,-0.034879521220456074,0.8781862599000391,-0.5946221175154444,0.1991235959820592
Pressure9am,-0.4242777612073881,-0.21643670410259347,-0.19184446512471434,-0.35847078625995726,0.10982688496329338,-0.4997472314121085,-0.29047365246371054,-0.3110176359937205,0.22542257866966062,-0.02985026661285425,1.0,0.9556576905518315,-0.15207006263792888,-0.19389402827823557,-0.39168790082610255,-0.15915393232975628,0.10114071032531767,0.25537333477504287,-0.22824472635056822,-0.25256617880046156,0.022582623931482648,0.10800567311566903,-0.27473211150408106,-0.08279581978367859
Pressure3pm,-0.3956866010605606,-0.30426932578865357,-0.11443829083542907,-0.34414891333392483,0.050555836053146216,-0.4944941454554854,-0.27440810779043606,-0.30617981584534415,0.251630849001608,0.06757054642380139,0.9556576905518315,1.0,-0.09659162419307749,-0.1423849560143332,-0.4118136756223164,-0.26257681408454886,-0.04405871486441457,0.10576849693086597,0.06858286483220809,-0.1767208086800185,0.007917253895327981,0.18027155184917878,-0.34478694607259863,-0.05937657694670519
Cloud9am,0.15790244470491557,-0.22403992691079153,0.13559526725562343,-0.06711747868462672,-0.5889466091905032,-0.008409551945086883,-0.01216420399049009,-0.015403329819488523,0.20809137429845279,0.3989041525435946,-0.15207006263792888,-0.09659162419307749,1.0,0.3858416803626346,-0.033481059424457234,-0.23945409795663755,-0.44919470858588384,-0.36403542110820436,0.19583693605869912,0.2115637922647148,-0.0016355857200427305,0.35208632384017124,-0.15612773946481964,0.11865382711139108
Cloud3pm,-0.025474551724373774,-0.3154426832300264,0.1329368086243973,-0.12513986789842796,-0.6734797170159766,0.14078328894856576,0.12141593739867756,0.06523468760196476,0.09733825769509863,0.4241354879246579,-0.19389402827823557,-0.1423849560143332,0.3858416803626346,1.0,-0.10759764323522593,-0.3528943925228288,-0.40258474020526136,-0.4580729110262218,0.18612804192436716,0.346670625935808,-0.07972082286172678,0.3052745044646021,-0.2570509475833498,0.11822275238434762
Temp9am,0.8644163621844104,0.8544121103668556,-0.06504196792974563,0.7198227505932391,0.25401091622870314,0.25605645046394265,0.18643545860247857,0.15676384701952925,-0.5906947231192117,-0.3951071073651457,-0.39168790082610255,-0.4118136756223164,-0.033481059424457234,-0.10759764323522593,1.0,0.8111425485592938,0.3525751599018644,0.03964339351057646,-0.03456166864886808,0.1682367494659916,-0.06099960514418403,-0.5631377943708998,0.9391572066198339,-0.003267359260537629
Temp3pm,0.6274909589651868,0.9786681484547582,-0.15095518174429529,0.596741823530339,0.5341857210615849,0.05910795437784717,0.0009542813891878574,0.028431868446526773,-0.4178086490061243,-0.7011291970034476,-0.15915393232975628,-0.26257681408454886,-0.23945409795663755,-0.3528943925228288,0.8111425485592938,1.0,0.7402510021345766,0.6165451872423108,-0.3289413242821607,-0.32071345171960974,0.029668993620233865,-0.6478630698439881,0.9626785855347787,-0.0756095050763691
TempDiff,-0.01880328695041167,0.7271904209988419,-0.2366011117717393,0.26492455648837265,0.6324141572073309,-0.04303600715451074,-0.10095415171636164,-0.045202915897381866,-0.27506003823170105,-0.7091636039796871,0.10114071032531767,-0.04405871486441457,-0.44919470858588384,-0.40258474020526136,0.3525751599018644,0.7402510021345766,1.0,0.7900845760127048,-0.4883128730579277,-0.4693173154590002,0.07609306624682094,-0.5730366175960184,0.59791647554492,-0.1612703240113719
TempChange,-0.09160354422198788,0.5218504870783928,-0.17034788277675775,0.050512594133089624,0.5707085522010147,-0.24371568683050132,-0.2493479006001505,-0.16245868750970724,0.08136343331165873,-0.6659887050623886,0.25537333477504287,0.10576849693086597,-0.36403542110820436,-0.4580729110262218,0.03964339351057646,0.6165451872423108,0.7900845760127048,1.0,-0.5154696732219538,-0.7744183578887006,0.13280678819377303,-0.3487816075088076,0.3804489746544486,-0.12478037012545147
PressureDiff,0.1291660261443792,-0.27272047277882666,0.27158123142207075,0.07661662602120876,-0.2049272188354284,0.05816752204507219,0.07683016676014506,0.04138650388188047,0.06824557064473798,0.32452788909018887,-0.22824472635056822,0.06858286483220809,0.19583693605869912,0.18612804192436716,-0.03456166864886808,-0.3289413242821607,-0.4883128730579277,-0.5154696732219538,1.0,0.2713783114567077,-0.05033004226672016,0.23010641471671645,-0.2091845873700482,0.08418779988350113
HumidityDiff,0.1794245081450683,-0.22415654033425775,0.01047708601620826,0.13508406726567965,-0.38864985747052916,0.29742828322639286,0.3493904067054529,0.18177300401839513,-0.4466602577870313,0.5381993796102952,-0.25256617880046156,-0.1767208086800185,0.2115637922647148,0.346670625935808,0.1682367494659916,-0.32071345171960974,-0.4693173154590002,-0.7744183578887006,0.2713783114567077,1.0,-0.2358619530222961,0.06950380336076198,-0.11050431497950511,0.058669348723778
WindSpeedDiff,-0.045650678069643846,0.024974674371003307,0.012200764283649955,-0.06243439490923448,0.11188611818157583,-0.06643921761299931,-0.5482164499415975,0.29529197061289997,0.20307893111824293,-0.034879521220456074,0.022582623931482648,0.007917253895327981,-0.0016355857200427305,-0.07972082286172678,-0.06099960514418403,0.029668993620233865,0.07609306624682094,0.13280678819377303,-0.05033004226672016,-0.2358619530222961,1.0,0.09257286942301067,-0.010803557421588074,-0.011679006210198229
AvgHumidity,-0.2986181391431215,-0.6291227979542438,0.2440322794926253,-0.530681061700474,-0.5668190871937862,-0.3208599279118589,-0.33895636576733584,-0.3019027790443467,0.8614953853741206,0.8781862599000391,0.10800567311566903,0.18027155184917878,0.35208632384017124,0.3052745044646021,-0.5631377943708998,-0.6478630698439881,-0.5730366175960184,-0.3487816075088076,0.23010641471671645,0.06950380336076198,0.09257286942301067,1.0,-0.6410970433584546,0.20239184444251124
AvgTemp,0.768553388421398,0.9701737944442408,-0.118756679833096,0.6835812759109111,0.4312801331835517,0.15320861384151968,0.08683621584075875,0.08924311330135282,-0.5187360608651178,-0.5946221175154444,-0.27473211150408106,-0.34478694607259863,-0.15612773946481964,-0.2570509475833498,0.9391572066198339,0.9626785855347787,0.59791647554492,0.3804489746544486,-0.2091845873700482,-0.11050431497950511,-0.010803557421588074,-0.6410970433584546,1.0,-0.04591826848562739
RainfallPerSunshine,0.058628002156177354,-0.07910468389596997,0.5055028647882522,-0.01406800930298409,-0.19082414052651192,-0.006216070755248688,-0.011050735810967598,-0.023386938705545025,0.15165721051510075,0.1991235959820592,-0.08279581978367859,-0.05937657694670519,0.11865382711139108,0.11822275238434762,-0.003267359260537629,-0.0756095050763691,-0.1612703240113719,-0.12478037012545147,0.08418779988350113,0.058669348723778,-0.011679006210198229,0.20239184444251124,-0.04591826848562739,1.0
